,AVG,OBP,SLG,OPS
0,2.2584167793789853,2.5969128842208566,1.8532428932591278,2.223896973537728
1,2.8522019172702593,3.2378658790675527,2.38725172915164,2.8269323632443215
2,1.37506418056022,1.8541484182267864,1.032233507397419,1.382748595562741
3,3.5970666718025557,3.9507685039031113,3.535038811414882,3.887623318950748
4,0.6353684209603503,0.9978867676508626,0.4847502933258218,0.6944597439469139
