,AVG,OBP,SLG,OPS
0,3.9703404972669234,4.885788434650449,3.0566630781546418,3.9096664434681734
1,6.210622188487666,7.130598506036731,5.073639814978145,6.136219349438261
2,5.449585053954688,6.474068899494294,4.386563994609229,5.415990610131587
3,7.055463975056261,8.092103604586475,6.156543541526081,7.242128256222573
4,4.819802544218031,5.894599305986827,3.687495047667184,4.716430988949453
